Topic,Coherence_Score,Interpretation
0,0.5312773512466642,Moderately Coherent
1,0.4574949732793252,Moderately Coherent
2,0.6615152012673072,Moderately Coherent
3,0.40274893468722067,Moderately Coherent
4,0.3793559402996631,Low Coherence
5,0.5734365000349775,Moderately Coherent
6,0.3906187289927944,Low Coherence
7,0.36895390670125977,Low Coherence
8,0.5597154844982856,Moderately Coherent
9,0.5772880598570277,Moderately Coherent
10,0.4514377627851873,Moderately Coherent
11,0.38623677313604016,Low Coherence
12,0.4157228355572438,Moderately Coherent
13,0.4034477593749851,Moderately Coherent
14,0.4429716322065837,Moderately Coherent
15,0.49864501286861396,Moderately Coherent
16,0.5004818770287229,Moderately Coherent
17,0.334578752611926,Low Coherence
18,0.4059378548728872,Moderately Coherent
19,0.47937650192884657,Moderately Coherent
20,0.31368373844812947,Low Coherence
21,0.5656337240819704,Moderately Coherent
22,0.6612894132074212,Moderately Coherent
23,0.29672089688580056,Low Coherence
24,0.46251966426366936,Moderately Coherent
25,0.5369028093291626,Moderately Coherent
26,0.31031068551115043,Low Coherence
27,0.40367257250412714,Moderately Coherent
28,0.483575145098257,Moderately Coherent
29,0.4141825211889518,Moderately Coherent
30,0.428896403112792,Moderately Coherent
31,0.5924200482567803,Moderately Coherent
32,0.6764443087526961,Moderately Coherent
33,0.5957195762860871,Moderately Coherent
34,0.7493691022512519,Highly Coherent
35,0.3771001497801578,Low Coherence
36,0.7883179439619852,Highly Coherent
37,0.4042421096113103,Moderately Coherent
38,0.376500339165642,Low Coherence
